{"cameraMode":{"drawMode":0,"name":"Shaded","section":"Shading Mode"},"sceneLighting":true,"audioPlay":false,"sceneViewState":{"m_AlwaysRefresh":false,"showFog":true,"showSkybox":true,"showFlares":true,"showImageEffects":true,"showParticleSystems":true,"showVisualEffectGraphs":true,"m_FxEnabled":true},"in2DMode":false,"pivot":{"x":7.354552268981934,"y":-0.2554463744163513,"z":7.2600626945495609},"rotation":{"x":0.05707135051488876,"y":0.4931349456310272,"z":0.03243563696742058,"w":-0.8674933314323425},"size":0.9049965143203735,"orthographic":false}